"Date","Type","JDay","Coef","VIP","MetricMean","MetricStdev"
701,"Chill",-183,0.113714611230381,1.06144059242679,0.0559804193990337,0.0965426300936984
702,"Chill",-182,0.13309272126782,1.1828028287183,0.0563104829423348,0.0997921098911976
703,"Chill",-181,0.112779944584595,1.07742611936674,0.0532572237153828,0.0956684047499067
704,"Chill",-180,0.173933848030067,1.33352284310884,0.048690621422058,0.0866341454198319
705,"Chill",-179,0.0967065254352655,1.12147535689409,0.0425852410231348,0.0815729174937169
706,"Chill",-178,0.0696729790285835,1.08524363310085,0.0397766439835711,0.0802201217332583
707,"Chill",-177,0.0571922120527775,1.01491091333387,0.0397825929666093,0.0801747433387674
708,"Chill",-176,0.0700387673855373,1.05536549739647,0.0367706657933169,0.0739466478504083
709,"Chill",-175,0.0308677333750945,0.924508568123098,0.0337303428558255,0.071535134904196
710,"Chill",-174,0.131496676048465,1.0594111316823,0.0291442108813154,0.0743035650851255
711,"Chill",-173,0.0299681781717187,0.710972097964884,0.0260483130968195,0.0670622210824002
712,"Chill",-172,0.0408738474114065,0.753775789335662,0.0275749431433872,0.0675003494429388
713,"Chill",-171,0.0872828861709113,0.857760318231871,0.0260517465279443,0.060619269728656
714,"Chill",-170,0.0856370901172487,0.872852680934771,0.0245283338871961,0.0600953318993935
715,"Chill",-169,0.034170974241066,0.726349682539953,0.0214907325854028,0.0515179575460907
716,"Chill",-168,0.0479270472230219,0.723153850544414,0.0245477940055311,0.0641310655566467
717,"Chill",-167,0.0705885067242861,0.679978487372876,0.0227992956100846,0.0596993250756811
718,"Chill",-166,0.0542431483166844,0.684396638409927,0.0182322554434467,0.0498399288901912
719,"Chill",-165,-0.00717947842727152,0.639975783516649,0.0212716110708929,0.0514173557320977
720,"Chill",-164,0.0118253623050809,0.866011701875336,0.0243334881457466,0.0471303828087292
721,"Chill",-163,-0.024419574190284,0.775299351426026,0.0228181024506089,0.0432836981376991
722,"Chill",-162,0.0415083903833329,0.795462527200514,0.0198528735519633,0.0380677132861619
723,"Chill",-161,0.0224786111186704,0.747909980891082,0.0183262435053957,0.0369623864364981
724,"Chill",-160,-0.0681240474506089,0.859241269172728,0.0181681394625183,0.0366629796897653
725,"Chill",-159,-0.0344333768169302,0.932762910854359,0.0196905391257383,0.0413716141531622
726,"Chill",-158,-0.0630043532208309,0.866880954718619,0.0212157286707557,0.045534111978989
727,"Chill",-157,-0.0956793573748764,0.855746795084497,0.0181395540489826,0.0436780659108419
728,"Chill",-156,-0.135446645136187,0.838153993186378,0.0196465067842014,0.0445915562191828
729,"Chill",-155,-0.118509308443029,0.778340292940006,0.0211663966265185,0.0484706201663094
730,"Chill",-154,-0.0451896958772933,0.637566947273051,0.0166001749427877,0.0426314765605556
731,"Chill",-153,-0.0433177870283024,0.390350681653161,0.0120184733756429,0.0352021555237575
801,"Chill",-152,-0.0281055896962714,0.354723888148126,0.0135449401082235,0.043693924761309
802,"Chill",-151,-0.0433176230126849,0.390350284361478,0.0120184875216514,0.0352022253077707
803,"Chill",-150,-0.0433176230126849,0.390350284361478,0.0120184875216514,0.0352022253077707
804,"Chill",-149,-0.0349385736536588,0.300137953365984,0.0106508950064129,0.0340088818326448
805,"Chill",-148,-0.069924601236307,0.348738731989887,0.00912849534319294,0.0323389475408279
806,"Chill",-147,-0.0931434310244723,0.492577368831544,0.00906529749809883,0.0321785306786698
807,"Chill",-146,-0.0910520770624093,0.494287814800445,0.00755013939034913,0.0303476965499103
808,"Chill",-145,-0.132023010092122,0.664359332223386,0.00754455441672722,0.0303320610783795
809,"Chill",-144,-0.126910049985677,0.819474409022184,0.00756741550583417,0.0253145925382959
810,"Chill",-143,-0.109260704083968,0.715018111844179,0.00907747163628929,0.0274663968985973
811,"Chill",-142,-0.0764663491607247,0.663789195281336,0.0106061158187748,0.0294344239266111
812,"Chill",-141,-0.0419904301779742,0.838448069241006,0.0121178522249295,0.0354456582141343
813,"Chill",-140,0.0041424513109381,0.969446063610296,0.0197186672412901,0.0478138439047313
814,"Chill",-139,-0.0238831481579682,0.974552412571961,0.0243002760732091,0.0528299929398351
815,"Chill",-138,-0.0491880092627907,0.992597396060256,0.0258208379423995,0.0534282880750941
816,"Chill",-137,-0.0574710056716705,1.14784690706028,0.0288248468606573,0.0544337670029398
817,"Chill",-136,-0.0273677195719519,1.2623639900919,0.0288849742055878,0.0545018743388602
818,"Chill",-135,-0.0261177972455797,1.30247327201263,0.0304121359298881,0.0574827310370462
819,"Chill",-134,-0.0210465084904809,1.26614165027054,0.0365031149723905,0.0633771627944942
820,"Chill",-133,-0.0346111105767426,1.23860658900056,0.0410689239225133,0.0680898583722007
821,"Chill",-132,-0.0523078474756014,1.24364329519837,0.0452892793344252,0.075219651895377
822,"Chill",-131,-0.00970708303287048,1.35221358726967,0.0513647307115363,0.0822089503115979
823,"Chill",-130,-0.0209193697591285,1.2277205617462,0.0513943652312866,0.0822552329052488
824,"Chill",-129,-0.0822474311999514,1.16209323048865,0.0543877167281,0.0884812024033036
825,"Chill",-128,-0.0787300562268129,1.03077738164624,0.0528624359101479,0.0903111045785856
826,"Chill",-127,-0.0435407098291526,1.09847615280226,0.0648980131564438,0.104527459870147
827,"Chill",-126,-0.0690735720948304,1.02209657311241,0.0695350079981112,0.102340624245139
828,"Chill",-125,-0.0500057185300718,1.03820637887671,0.08018649419629,0.116036070010706
829,"Chill",-124,-0.0220059152388243,0.90133425350329,0.0877880533575722,0.118346853174289
830,"Chill",-123,-0.036325276037385,0.85454748288337,0.0862705341550961,0.114604206554914
831,"Chill",-122,-0.0299745164456806,0.768141152878157,0.0957228269366711,0.117551891561795
901,"Chill",-121,-0.0132377670608241,0.745517787203428,0.103751860135259,0.11947715387089
902,"Chill",-120,-0.0155637037169291,0.651810487153657,0.11053450399913,0.119885862059107
903,"Chill",-119,-0.0254461356258952,0.673198180244529,0.121437684026461,0.12610379767872
904,"Chill",-118,-0.0361262618398971,0.665350256247845,0.124375640527622,0.117509064969
905,"Chill",-117,0.0262071915873647,0.777193148234131,0.138287548202651,0.13133433379055
906,"Chill",-116,-0.00512588637638715,0.61325920920463,0.141736717050114,0.126032917372856
907,"Chill",-115,-0.0261359508363251,0.650796272998443,0.153441601003713,0.13365352971877
908,"Chill",-114,-0.0249047776738998,0.548261529320689,0.160362187624846,0.138986822181357
909,"Chill",-113,-0.0352258598738897,0.606021896973844,0.169886327672112,0.146361021176574
910,"Chill",-112,-0.0087068904502864,0.605588447611322,0.179807160501413,0.157315048041897
911,"Chill",-111,-0.0157151347915103,0.583938765620286,0.198997538632873,0.171125075212766
912,"Chill",-110,-0.0366730221827421,0.619998415166618,0.20508941752489,0.172406000623733
913,"Chill",-109,-0.0811887677089339,0.688980057347085,0.221874521074746,0.181234442472304
914,"Chill",-108,-0.052283386338929,0.659307689228472,0.230726409074359,0.179605720577354
915,"Chill",-107,-0.0109116482311231,0.643048034383637,0.241003600922302,0.186708865972085
916,"Chill",-106,-0.0486287570826171,0.672110318492788,0.253341695761211,0.190762580374028
917,"Chill",-105,-0.00476817098210665,0.629262223604304,0.268194439124592,0.200564369527025
918,"Chill",-104,0.0218959399435208,0.642605693893208,0.277407296216864,0.196064304950457
919,"Chill",-103,0.0286207566840853,0.658078374084029,0.286981220797647,0.194344641646161
920,"Chill",-102,0.00983780827105949,0.653063851194007,0.301603521386277,0.187789848191531
921,"Chill",-101,-0.0395602426478447,0.693618675227135,0.319112219869601,0.183673846324103
922,"Chill",-100,-0.0436983571615657,0.783306963319987,0.312359776347514,0.172756461064615
923,"Chill",-99,-0.0331532305034359,0.814044659619449,0.328192765397113,0.17116048218288
924,"Chill",-98,-0.0133422781186189,0.779755609369358,0.321485195537831,0.16996497834478
925,"Chill",-97,0.016036945279647,0.731622679099875,0.335834834483845,0.177808479608209
926,"Chill",-96,-0.0266745508022837,0.693627256152866,0.343083756411507,0.177438341380317
927,"Chill",-95,-0.016420764279164,0.693157438310495,0.36235968284361,0.179390684488304
928,"Chill",-94,-0.0228280272272654,0.672245154760141,0.363669559138598,0.185819622822622
929,"Chill",-93,-0.0278047633442491,0.655856411780663,0.37211485688237,0.184836109371188
930,"Chill",-92,-0.0552713160920486,0.675465171425153,0.39130933406493,0.178108885742558
1001,"Chill",-91,-0.0603900356066465,0.682869208459396,0.398429159861707,0.169116090046073
1002,"Chill",-90,0.0166068029197671,0.553923960994353,0.399548807269652,0.178238029548887
1003,"Chill",-89,0.00942114090492144,0.556454969866907,0.420224478050457,0.169185022142404
1004,"Chill",-88,-0.0215634798709878,0.559008102481711,0.42644651042924,0.169829516427525
1005,"Chill",-87,-0.0255036472424112,0.622561260040366,0.446807617725903,0.172659540657733
1006,"Chill",-86,-0.123115238788647,0.915111357775175,0.458635168149334,0.178158618677549
1007,"Chill",-85,-0.0705711251083267,0.752048621029886,0.472639416786789,0.182867513565808
1008,"Chill",-84,-0.0518993906294616,0.719755953763565,0.477144810678589,0.18047495503373
1009,"Chill",-83,-0.0534544264964085,0.636107536488746,0.493530898425586,0.182834813403984
1010,"Chill",-82,-0.0557820952730529,0.795099546347643,0.511584300691028,0.189712249717299
1011,"Chill",-81,-0.0523346085120224,0.560185894049528,0.519537719275002,0.19138993440161
1012,"Chill",-80,0.00606433098656653,0.381148322131134,0.531076567005173,0.181460179920632
1013,"Chill",-79,-0.0312326265778281,0.476785010176569,0.557950321766985,0.178621165948362
1014,"Chill",-78,0.00462868518962251,0.298074558120782,0.56728976786449,0.174556736320549
1015,"Chill",-77,0.0524492736170854,0.266505936682902,0.580431589557573,0.172360411035157
1016,"Chill",-76,0.0386845833351777,0.254607779244347,0.591697393920242,0.167616605167183
1017,"Chill",-75,0.0708872672201268,0.560280740617822,0.596360096688062,0.156854910985151
1018,"Chill",-74,0.0452277081509711,0.6190398148339,0.610560473296045,0.158469789950932
1019,"Chill",-73,0.0530178129177817,0.820915052868303,0.620803730306686,0.16174991761013
1020,"Chill",-72,0.0205921471135072,0.731786811924122,0.63682548557935,0.156016809571295
1021,"Chill",-71,0.0464364151589532,1.12647894767809,0.641970444787551,0.164376314001414
1022,"Chill",-70,0.0558683662542638,1.14336034036348,0.65774243318119,0.163320591304782
1023,"Chill",-69,0.0225569577104666,1.18548024000519,0.657130001431922,0.161687708962272
1024,"Chill",-68,-0.00759554382325756,1.16437689361201,0.662361468509353,0.151990438305414
1025,"Chill",-67,-0.023688037154392,1.13432234964948,0.661788875691446,0.149643109640855
1026,"Chill",-66,-0.0359744858025187,0.944179476343172,0.677471984119076,0.141197173270912
1027,"Chill",-65,0.0370751404013925,0.988340109383573,0.680838544516363,0.1361262783528
1028,"Chill",-64,0.0072031038573855,1.093361007981,0.694180137535162,0.123070166289188
1029,"Chill",-63,0.0151029010087656,0.860479504722475,0.693654394442593,0.1176109136461
1030,"Chill",-62,-0.0357706547589767,0.530214397243316,0.70605714907614,0.109858710878575
1031,"Chill",-61,0.0326376722038682,0.815639337347288,0.699748034070016,0.123916953768965
1101,"Chill",-60,9.82286903800193e-05,0.464543465540712,0.706554253287789,0.110598706414138
1102,"Chill",-59,0.0274597096418247,0.449097876518349,0.701068247410536,0.0931603710619788
1103,"Chill",-58,0.0282735240615339,0.314035141685349,0.719527114951273,0.0888360267212526
1104,"Chill",-57,0.0129301621252083,0.439653732397636,0.712456249928581,0.0981448971263445
1105,"Chill",-56,-0.0102410721571181,0.460948228548829,0.734285455816378,0.0758901276832512
1106,"Chill",-55,0.099638806592264,0.692474395583514,0.728995662091534,0.0729285998441062
1107,"Chill",-54,0.0166855520900084,0.283500595881531,0.735118051899432,0.0690583327640066
1108,"Chill",-53,0.0207100946173564,0.560564054224652,0.733829691324146,0.0757653655221937
1109,"Chill",-52,0.0664109688019451,0.413639158790505,0.746040173479728,0.0642244009793503
1110,"Chill",-51,0.0500655560834833,0.326156086023644,0.728201746261644,0.0723480322190075
1111,"Chill",-50,-0.0427735711542948,0.591906215453494,0.737241917018848,0.0813569127809759
1112,"Chill",-49,-0.00412064431614573,0.363233656916502,0.72898773768552,0.0853207894756376
1113,"Chill",-48,0.0203322980445906,0.572468328206448,0.733150565797947,0.0761402243125783
1114,"Chill",-47,-0.114361815650468,0.84661807634136,0.737515904691598,0.0725750078975798
1115,"Chill",-46,0.17892215059297,0.891922882745263,0.737651508477881,0.0769571872244539
1116,"Chill",-45,0.136614394149622,0.753790878677716,0.718127112882239,0.098242369673593
1117,"Chill",-44,0.0376426881486112,0.393721937995837,0.705344266781446,0.105066282192229
1118,"Chill",-43,-0.00293997823838614,0.593340761252075,0.701026610477937,0.109924844797738
1119,"Chill",-42,0.0739804319797353,0.424147822265981,0.705144616895912,0.116961575587004
1120,"Chill",-41,0.0359066372681963,0.267492609640959,0.702180276811054,0.102297900762901
1121,"Chill",-40,0.0574702249552904,0.317503585183075,0.70445572299684,0.0983303499856024
1122,"Chill",-39,0.0881766402086491,0.422637717759051,0.712370339855179,0.102009161435215
1123,"Chill",-38,0.104393224691838,0.582779470141715,0.712809954080802,0.105065680167993
1124,"Chill",-37,0.12492700064088,0.767794276386931,0.702516060419798,0.108110373403381
1125,"Chill",-36,0.175229563163077,0.932328771814985,0.684855202315547,0.114338582104461
1126,"Chill",-35,0.024859286715365,0.52174351149989,0.674337529407492,0.115219937079634
1127,"Chill",-34,0.0629850939195157,0.602554980564242,0.678166598034814,0.125705386361507
1128,"Chill",-33,0.124216980213848,0.772870268055805,0.691195673463694,0.131358943344643
1129,"Chill",-32,0.106173906282968,0.8345611165252,0.696688498183264,0.125878000274143
1130,"Chill",-31,0.0319674961785279,0.407511449878062,0.688512215071548,0.122216322261993
1201,"Chill",-30,0.0382210928529588,0.402036189781963,0.677941387926595,0.129148470159488
1202,"Chill",-29,0.0119610843981486,0.460651749143428,0.677238054883795,0.14953145037539
1203,"Chill",-28,0.0186425800181843,0.398904130203295,0.66157175392853,0.148494826244637
1204,"Chill",-27,0.0015725229259672,0.216043304756521,0.666249400985489,0.151098503228181
1205,"Chill",-26,-0.0346333467011061,0.21158690387453,0.662477057199152,0.143075520773836
1206,"Chill",-25,-0.0715143424741997,0.354994837445053,0.660722783368999,0.147836048214296
1207,"Chill",-24,-0.113345976674399,0.633243365709556,0.665658861552728,0.156222295312982
1208,"Chill",-23,-0.151031009990598,0.833002518027082,0.667796024340045,0.160513298393051
1209,"Chill",-22,-0.13208241627521,0.71506169889956,0.651790489372915,0.162948528437159
1210,"Chill",-21,-0.0648831389455444,0.487258954411229,0.649703865594349,0.157683989191555
1211,"Chill",-20,-0.0619129126535481,0.306988257490781,0.64531329365153,0.151662817975458
1212,"Chill",-19,-0.0490832136334705,0.236665975779888,0.64135291110091,0.158871700868912
1213,"Chill",-18,-0.0152608441897975,0.112870342516868,0.638990610755984,0.158068201198766
1214,"Chill",-17,-0.0798067887356218,0.587624069589892,0.63897804371394,0.15692039695159
1215,"Chill",-16,-0.155396159161795,1.0110328740462,0.638478346311268,0.154100490830971
1216,"Chill",-15,-0.168279860654777,1.14221243607224,0.638761285080076,0.156991205964848
1217,"Chill",-14,-0.0975270972417983,0.776687614120941,0.650209512808488,0.149208701816801
1218,"Chill",-13,-0.0413714947729973,0.758546619722855,0.653639724304876,0.159591898966959
1219,"Chill",-12,0.0375485231148682,0.676400695145383,0.643700033532051,0.158332433501899
1220,"Chill",-11,-0.0518671363548443,0.696888671990781,0.654750272036966,0.147811105443085
1221,"Chill",-10,-0.101031587154015,1.01047625312766,0.638534551556296,0.149337539152673
1222,"Chill",-9,-0.0767441915315886,1.0913320830336,0.637599568393891,0.168656515414502
1223,"Chill",-8,-0.0829288065767134,1.1692849330865,0.631367490630377,0.165420816856447
1224,"Chill",-7,-0.120907156028292,1.14689336412986,0.626452732451404,0.175281149796541
1225,"Chill",-6,-0.0532397831331843,0.618874634748214,0.629455721878038,0.197569156934991
1226,"Chill",-5,0.0596066234295619,0.527320202815298,0.617217587187817,0.210547189345386
1227,"Chill",-4,0.0924250789178233,0.569620732573839,0.617819874216779,0.207972450784714
1228,"Chill",-3,0.0640418214066256,0.51007232423924,0.606265085021161,0.214972153299294
1229,"Chill",-2,0.0857002172262182,0.500408257636327,0.59528316961801,0.216875824272104
1230,"Chill",-1,0.0294519435840591,0.333555717710368,0.591148426200664,0.2214058880495
1231,"Chill",0,0.0260717510314082,0.512743256767251,0.593091611657719,0.217026201791075
101,"Chill",1,0.0165398708618626,0.493934071711674,0.591900185610657,0.223397717850093
102,"Chill",2,0.0132508224053094,0.549228241386615,0.596923622235453,0.232560733405261
103,"Chill",3,-0.0247424289634919,0.593201032951873,0.602071514306012,0.229995785561219
104,"Chill",4,-0.0071182201343746,0.636078845766414,0.61175492190682,0.225069665393721
105,"Chill",5,-0.0374037395882725,0.660822209965556,0.593518724586832,0.222669752371422
106,"Chill",6,-0.0455040807488223,0.674555686701661,0.603687343418358,0.213726762968951
107,"Chill",7,-0.110891944079789,0.965365806589646,0.604970658109109,0.21758062107648
108,"Chill",8,-0.0893905173628272,1.04240838318541,0.604766950225709,0.221165959157243
109,"Chill",9,-0.100432465031988,1.04683686503447,0.610679370281789,0.22079706793982
110,"Chill",10,-0.0812112079856365,1.05313239415076,0.612364460643083,0.243095741717814
111,"Chill",11,-0.0588528411163983,1.01361768919588,0.596227295787028,0.238554858899029
112,"Chill",12,-0.0550998478099404,1.03090054400572,0.607592739116785,0.245066572067839
113,"Chill",13,-0.074849169403176,1.10577994124043,0.598123822431015,0.249699891780191
114,"Chill",14,-0.0259314083002681,1.10265856808169,0.60045684862155,0.260846373088523
115,"Chill",15,-0.0487668544747875,1.19864921122292,0.593960501647518,0.261087659166251
116,"Chill",16,0.00201754606010975,1.17433678430187,0.607315659078252,0.24186581759548
117,"Chill",17,-0.0191209160079323,1.18418220863591,0.611429000004543,0.235071415892749
118,"Chill",18,0.0213147713600658,0.80440280616806,0.628552051036488,0.190835323389615
119,"Chill",19,0.0106870172696333,0.607319296068894,0.62592423468912,0.18458790241629
120,"Chill",20,0.0341961809244832,0.507027539653143,0.625337329379223,0.18258568142436
121,"Chill",21,0.0446448711290414,0.461250155190158,0.620039873631443,0.186791044373554
122,"Chill",22,0.0379767491978535,0.460037953048631,0.639520902076675,0.180835855779644
123,"Chill",23,0.00419037340596668,0.449737258520107,0.643985405805962,0.178884458690905
124,"Chill",24,0.0909126120770226,0.446092456800254,0.657887577217985,0.184912527516668
125,"Chill",25,0.0693837579305449,0.386215906366509,0.650747149504836,0.189416553121667
126,"Chill",26,0.0592537059345368,0.399493087263582,0.654378568159227,0.198447788505397
127,"Chill",27,0.0089300892994741,0.231241181388128,0.646090754831542,0.184887431843707
128,"Chill",28,-0.00737407670695568,0.284498476069866,0.638197378625321,0.17622457748761
129,"Chill",29,0.0350948834340759,0.462559980033309,0.630883793852586,0.188308544920911
130,"Chill",30,-0.000217323931171003,0.596253452747064,0.64694514525803,0.187141532408034
131,"Chill",31,-0.0368888422390916,0.680088660844957,0.647550024687294,0.186074714908127
201,"Chill",32,0.000713857817221024,0.737811829828837,0.665617689049851,0.175399367264542
202,"Chill",33,0.0257092221449076,0.678422547217021,0.653031374697023,0.171379004646217
203,"Chill",34,0.104519792723935,0.596562267728426,0.654224179523063,0.151451243909554
204,"Chill",35,0.064000196188278,0.661174138611154,0.64564375164021,0.155698572072416
205,"Chill",36,0.0141832159630946,0.762319899437707,0.654028333339657,0.1694816848176
206,"Chill",37,0.0765513829277146,0.731934725789134,0.646059961351622,0.181193071701531
207,"Chill",38,0.0700631236922054,0.691446594269058,0.644871289175441,0.202431772688953
208,"Chill",39,0.0493934787174353,0.608479827251406,0.640156307106337,0.207030123281192
209,"Chill",40,-0.00891694082190209,0.785230011681006,0.625885793962197,0.212766554737017
210,"Chill",41,-0.0170877726329654,0.793304457275095,0.607788671948716,0.202866648176172
211,"Chill",42,-0.0523666245225923,0.997896694441987,0.620443223045947,0.204571691368333
212,"Chill",43,-0.121342168650444,1.16859942085836,0.618165244352475,0.202891644424413
213,"Chill",44,-0.16452030400579,1.41220483808568,0.61798006276413,0.201302303550502
214,"Chill",45,-0.14929221733087,1.56258490289294,0.609024984027808,0.189806244100269
215,"Chill",46,-0.144981876592706,1.56476659564477,0.613006428139476,0.189328873422643
216,"Chill",47,-0.116738300854667,1.34614084200789,0.626539099093377,0.172154642558949
217,"Chill",48,-0.162561268001109,1.49616096132779,0.627840726183736,0.178034464336783
218,"Chill",49,-0.114948584281935,1.49245830373139,0.634192325471063,0.177892044248256
219,"Chill",50,-0.132548442767684,1.41956783544426,0.644709206706852,0.174942009439936
220,"Chill",51,-0.112611130589738,1.33803226635864,0.649055528419625,0.181160110333953
221,"Chill",52,-0.15679688673034,1.56583336681836,0.667762147074472,0.163825295602216
222,"Chill",53,-0.0824428525899817,1.09026001051552,0.662025799689736,0.169129020783595
223,"Chill",54,-0.0657452711351966,0.978352527208769,0.6667182665216,0.169620126613822
224,"Chill",55,-0.0249107028657766,0.84785371385751,0.674751622683981,0.159880801036664
225,"Chill",56,-0.0391163695297638,0.922766008638126,0.684759003192424,0.161319137357431
226,"Chill",57,-0.0566522742436449,0.880867852180796,0.687472126768758,0.157786493775518
227,"Chill",58,-0.085066848246902,1.29850873036558,0.680216961051659,0.131759459535035
228,"Chill",59,-0.0223920860137778,1.11420149430096,0.689997705925484,0.119803374550981
301,"Chill",60,-0.121188354404354,1.32802014179707,0.70265934585958,0.10889456429288
302,"Chill",61,-0.0587435881541132,1.03616218553496,0.705586465068103,0.128853877351622
303,"Chill",62,-0.0504085205607019,0.759742101683267,0.705220029287983,0.131808822300668
304,"Chill",63,0.0177821563312832,0.402387505484439,0.707162120350363,0.108212132719958
305,"Chill",64,-0.0260543936182585,0.509683949855249,0.716037023532082,0.092733609791988
306,"Chill",65,-0.01966856960706,0.369615860002852,0.717372450923711,0.0939073865597069
307,"Chill",66,-0.0327663569868129,0.507186722022372,0.708859996275279,0.0867804695687241
308,"Chill",67,-0.00315266177018683,0.193127029452205,0.711122812892966,0.0945166069820122
309,"Chill",68,0.00543824615253946,0.24732997198359,0.71511774284145,0.103475693829708
310,"Chill",69,0.0451334340170004,0.352454894094382,0.718112389117567,0.0829204431422855
311,"Chill",70,-0.00017968890903227,0.133443354811857,0.721439555895427,0.073345319961791
312,"Chill",71,0.0657992215314736,0.75330882609454,0.719148648904317,0.0728303785922615
313,"Chill",72,-0.00101417859635776,1.20543626185083,0.717923536585359,0.0719427632336588
314,"Chill",73,0.0361023524670172,0.987773748571561,0.723114476972745,0.088733664335781
315,"Chill",74,0.0859094001925264,0.782198678010322,0.716030180921015,0.0799948284358523
316,"Chill",75,0.0353711129272446,0.745699477782913,0.710277868715896,0.0839853536731806
317,"Chill",76,0.0684996088656275,0.902273064790176,0.708927331387922,0.0700500543443693
318,"Chill",77,-0.042633123398514,0.646524098797972,0.719000191358887,0.0727322202096284
319,"Chill",78,0.0255562391349155,0.637608753770602,0.711294672957929,0.0822157767954739
320,"Chill",79,0.0130461587641611,0.680918334517551,0.705611105545307,0.0893022537600033
321,"Chill",80,-0.0683039837172139,0.884086502768102,0.70485055578104,0.0792500089906666
322,"Chill",81,-0.0198800665763902,0.945822519801625,0.697288340993712,0.0915900457711367
323,"Chill",82,-0.12749786154513,1.13419368817243,0.703257802803981,0.0891408338397357
324,"Chill",83,-0.0205583195300644,0.577054090543129,0.692665435752474,0.0975135086686877
325,"Chill",84,-0.0564779712232715,0.90657147101264,0.694025912963487,0.100585682149125
326,"Chill",85,-0.0477335196707294,1.28872773503207,0.685856301338631,0.0998034988663805
327,"Chill",86,0.0115158413156112,1.16749016008063,0.672819291096956,0.105853528461596
328,"Chill",87,0.00887795742165846,1.46259158618538,0.662812209457901,0.101516367683467
329,"Chill",88,0.0515932575555959,1.67052308385791,0.657282153708346,0.116523554561554
330,"Chill",89,-0.012163929285231,1.48784131676494,0.665702197873671,0.116358704750234
331,"Chill",90,-0.0472918172481957,1.69133625569543,0.657537072241697,0.106741071776741
401,"Chill",91,0.0411891944910641,1.75615766670273,0.651971242159267,0.113021635331288
402,"Chill",92,0.0731245245614779,1.81627384606792,0.655011199339384,0.116395594674543
403,"Chill",93,0.19177811321451,2.03296044711923,0.646581436203039,0.118532401961821
404,"Chill",94,0.13434833487263,2.05367113368045,0.649683733746857,0.122867842758
405,"Chill",95,0.217119592800911,2.04729655837045,0.638818634250703,0.116361688219825
406,"Chill",96,0.17072969303936,1.7201886000596,0.639288627232029,0.12992575971247
407,"Chill",97,0.250180094414535,1.97815130685848,0.6547435553765,0.13417630142966
408,"Chill",98,0.200368188661577,1.81532821978899,0.650580206554739,0.131345644290137
409,"Chill",99,0.202148860550528,1.7237064522422,0.661216883224698,0.139326258197009
410,"Chill",100,0.204897215029123,1.6772238635009,0.647185771133402,0.145069888720082
411,"Chill",101,0.232693274790103,1.68095803898887,0.641860726896475,0.149223844734647
412,"Chill",102,0.251182726866781,1.74422831474523,0.63739342821911,0.14122335676627
413,"Chill",103,0.151957664622917,1.16064983975981,0.63548443348468,0.139021168724724
414,"Chill",104,0.144852368300864,0.990257434085902,0.61459053809506,0.124621552652254
415,"Chill",105,0.109955262940484,0.71783246170499,0.62104814820831,0.145056751210099
416,"Chill",106,0.0219824858260236,0.667279804654703,0.607296151481933,0.137308773423862
417,"Chill",107,0.0243581544284643,0.554046751686814,0.601500079026603,0.149424486919317
418,"Chill",108,-0.00342010079400039,0.669437455590395,0.580247670940586,0.156719501346594
419,"Chill",109,0.00892511549219549,0.647737915267176,0.567934690473072,0.162293639209801
420,"Chill",110,-0.0177308172179719,0.648698670708906,0.535588299451121,0.172146150287223
421,"Chill",111,-0.022306916250303,0.718757922537458,0.536466745598149,0.181624650440099
422,"Chill",112,-0.0306003013286008,0.809626881132435,0.537895664796863,0.176703302550394
423,"Chill",113,-0.0130086097597032,0.811157938987412,0.533062109391754,0.174239725210451
424,"Chill",114,0.0428956264407274,1.01689276129844,0.523553330080952,0.184986485695703
425,"Chill",115,0.00689640779578258,0.98059967292897,0.53203871684889,0.192159305520262
426,"Chill",116,0.0317046437299296,1.08897216609835,0.510890026998188,0.20494319197522
427,"Chill",117,0.0578636820533407,1.06417995739102,0.511826788938603,0.201779976840489
428,"Chill",118,0.0458682931880719,1.15501313156648,0.498694190068771,0.192431319424781
429,"Chill",119,0.00136277890801655,1.06040806714349,0.50467093574434,0.193823819599203
430,"Chill",120,-0.00688871088422748,1.09433157911909,0.485167544895506,0.183571763019611
501,"Chill",121,0.0285995667355462,1.161678479029,0.495219416724669,0.191410476984314
502,"Chill",122,-6.44757090840185e-05,1.1566992443267,0.470829472837089,0.173982274307228
503,"Chill",123,0.00276946723181036,1.15157897848769,0.457830474532391,0.179027060001114
504,"Chill",124,-0.0801718145929089,1.08291412570765,0.442036347575306,0.178706730397695
505,"Chill",125,-0.0697937224713329,1.15475769513338,0.424081669266678,0.1823145892753
506,"Chill",126,-0.094188261515598,1.1170978604139,0.4020948344356,0.18798461737521
507,"Chill",127,-0.0941875001961695,1.03456660085309,0.388043770036653,0.190820120984397
508,"Chill",128,-0.0901495239687091,0.999148301216972,0.372622173098953,0.202690963982151
509,"Chill",129,-0.0270567959190292,0.974194585210536,0.370898459092313,0.208747320985122
510,"Chill",130,-0.0231541848466707,0.786079583509996,0.352937374016722,0.21546336588551
511,"Chill",131,-0.00754689911562885,0.736016338741878,0.35661376980149,0.21065814993057
512,"Chill",132,-0.0164475606973757,0.646328926007657,0.339191008796053,0.23042888579301
513,"Chill",133,-0.00272784564523427,0.725348269428874,0.329772726792339,0.217051387574075
514,"Chill",134,0.021320613550638,0.681596473429676,0.319267690038864,0.219848972976856
701,"Heat",-183,-0.13613296964498,1.10176314515489,309.220675573119,41.7779133872908
702,"Heat",-182,-0.137901664872673,1.14971120200781,310.44084425091,41.7940026491291
703,"Heat",-181,-0.134973011640051,1.16735012375898,311.343248447238,41.054969940274
704,"Heat",-180,-0.0893990905571832,1.09031069678787,312.980826360148,40.1861497406413
705,"Heat",-179,-0.0199677105915237,0.989628050883805,314.516704560623,39.0756399879413
706,"Heat",-178,0.000709128273414978,0.944638688227585,315.80389507944,39.0258633664476
707,"Heat",-177,0.0096556757627237,0.908146289540661,317.556471950898,37.1320038142126
708,"Heat",-176,0.0153020500268819,0.839283018556735,320.251040100057,36.0646034424624
709,"Heat",-175,0.00899169108463668,0.822909812570694,321.598118090569,34.5255188305661
710,"Heat",-174,0.00932691542792612,0.800466287671109,322.786176840336,34.0018395950344
711,"Heat",-173,0.00242670982099514,0.777820483332924,322.857172159874,34.2519481226918
712,"Heat",-172,-0.000239869246729444,0.756844534819281,322.6496589983,33.505470886734
713,"Heat",-171,0.0078729132808983,0.693916989317016,321.726778574261,33.8676107814275
714,"Heat",-170,0.00182147293271103,0.637485017793126,322.721813275588,34.6309050579761
715,"Heat",-169,-0.0323354123407616,0.611804310363544,322.547944535493,36.0980672393789
716,"Heat",-168,-0.0748339947045497,0.665925279140965,322.931133013051,37.2093385951734
717,"Heat",-167,-0.0842681037049711,0.655825865605621,324.361419999271,38.3429437659785
718,"Heat",-166,-0.0561718860681762,0.586037349457201,324.109771937732,37.7666521181589
719,"Heat",-165,-0.066544481526088,0.660490511915059,323.924288562661,36.549852514302
720,"Heat",-164,-0.0580132680831549,0.650528035321085,323.723687763951,36.5722153028497
721,"Heat",-163,-0.0587473525625641,0.667308057329562,324.218695306836,34.7386087369045
722,"Heat",-162,-0.0562401383655331,0.625347302238362,325.787149126199,33.1491926819151
723,"Heat",-161,-0.0940734477154191,0.775924181118076,327.078449475628,31.4044916644328
724,"Heat",-160,-0.121848456388137,0.892420051529977,329.93975202767,30.4292165957113
725,"Heat",-159,-0.109235893820205,0.857784269385015,330.189120907053,31.3231443803158
726,"Heat",-158,-0.0648966384432271,0.67196262918257,330.44205583859,31.6575764507037
727,"Heat",-157,-0.0308133865777305,0.534106071751232,331.59944319027,31.6494503840577
728,"Heat",-156,0.00635656956126934,0.421675635962929,331.364278290664,32.2643452953135
729,"Heat",-155,-0.0290139839051349,0.40698461026483,332.824308135927,33.0262278416492
730,"Heat",-154,-0.0579194908443339,0.415654688917425,334.342311113426,32.6981428365933
731,"Heat",-153,-0.0764475398394921,0.430934648827122,335.83107249858,32.0508253337361
801,"Heat",-152,-0.079889695526582,0.41510932114833,335.544840297706,31.3187283293984
802,"Heat",-151,-0.0699484419664724,0.405016546499085,335.506982611927,31.7961734254394
803,"Heat",-150,-0.0382640275717491,0.299743471690838,335.711982553118,31.1893086234266
804,"Heat",-149,0.00168326714725023,0.297163660302863,334.9166626752,30.8903937609275
805,"Heat",-148,0.0176223079533007,0.36399446653443,334.901086262871,31.1940256413909
806,"Heat",-147,-0.023328701633515,0.419630519162261,335.22356302893,30.7285812193242
807,"Heat",-146,-0.0535074914156808,0.566351935724163,334.048444716118,30.3300098063623
808,"Heat",-145,-0.0545558213873863,0.625030434731519,333.586568742001,29.3713547300431
809,"Heat",-144,-0.0539406988586392,0.624281653963013,333.240298912154,29.0073595195071
810,"Heat",-143,-0.0436498120395293,0.62071064003769,332.195525494348,28.8504829761732
811,"Heat",-142,-0.0316693501555263,0.712384706929459,330.875496372587,28.4963001246037
812,"Heat",-141,-0.0101485562829718,0.802335174475617,329.618585957921,29.7071039145543
813,"Heat",-140,-0.0369210309460775,1.04414723877337,327.209846982353,29.5660778481196
814,"Heat",-139,-0.0378767887751031,1.16982025258783,324.987602983117,29.602177507239
815,"Heat",-138,-0.0323492053125969,1.23379620308136,323.669088444561,30.3025077332123
816,"Heat",-137,-0.0307367159230958,1.27711533447174,321.61466878165,30.5267162843698
817,"Heat",-136,-0.00458383253744605,1.30198184594845,320.068350145383,31.0059720465546
818,"Heat",-135,0.0153505918798702,1.33205304490718,318.50286596242,31.7079660413626
819,"Heat",-134,-0.00635411822539721,1.43750541344706,316.573052190942,32.5344395524394
820,"Heat",-133,0.0059428726022564,1.40270068210687,313.452659633299,33.591298266747
821,"Heat",-132,-0.0100425037773031,1.45759645600947,310.845878599145,35.3231534644463
822,"Heat",-131,-0.0456010042300296,1.56262612288257,308.305315266188,36.4396346391488
823,"Heat",-130,-0.0564148351855417,1.56328696074087,305.416779279387,37.342922721632
824,"Heat",-129,-0.016750408090949,1.35413462248108,303.046935080106,37.3282549274183
825,"Heat",-128,-0.00745969446145459,1.21205945360523,299.986433947765,38.0512197732675
826,"Heat",-127,-0.00456089414993004,1.14418680552095,295.188783783268,37.46798079152
827,"Heat",-126,-0.00168596643597582,1.06369323132324,292.060280259312,38.5608758994097
828,"Heat",-125,0.0027222902018034,0.961575134775114,289.165304762944,39.6454669872976
829,"Heat",-124,0.00953651984190513,0.886094525172517,286.504674072125,39.7063925697188
830,"Heat",-123,0.0278265689951403,0.86425039577338,283.090631036566,39.2966310600268
831,"Heat",-122,0.0176733844212516,0.873043346313668,279.937229039298,40.0618844208407
901,"Heat",-121,0.00503256761515704,0.860836898979915,274.984121189544,40.4700290847095
902,"Heat",-120,0.00530762126107109,0.823195981221318,271.377320853641,41.2148696024599
903,"Heat",-119,0.0153548354379201,0.758265639222182,268.647530462975,40.8956119202518
904,"Heat",-118,0.00639985701585106,0.73135613375341,266.511913664921,41.8890633269687
905,"Heat",-117,0.0114521411717601,0.684561112049905,264.105052230471,43.9117371990304
906,"Heat",-116,0.0200965856900313,0.656781583556072,263.29674140365,45.0206544111185
907,"Heat",-115,0.0171378007257519,0.665611173951069,260.592830156682,44.906259035055
908,"Heat",-114,0.0248889420711281,0.687562057130564,256.687706405368,45.2084186189715
909,"Heat",-113,0.00394548115800834,0.658079623055449,253.025371951869,46.1155010243126
910,"Heat",-112,-0.0192330947113293,0.635983183959894,249.798117479645,46.855376813982
911,"Heat",-111,-0.0285922034273546,0.625355960672488,246.738604481191,47.2540064848092
912,"Heat",-110,-0.00356492676877794,0.588408568042606,244.591818565019,48.4521792755097
913,"Heat",-109,0.0222966729620001,0.608556726706811,241.131039349051,49.7667973327103
914,"Heat",-108,-0.00263273746985683,0.627779867870253,238.062388968743,50.8189628611796
915,"Heat",-107,-0.0254689095379871,0.666290456653628,234.088830502965,52.2326579619311
916,"Heat",-106,-0.0408016974679062,0.688095673032847,230.432448985835,54.3693174494953
917,"Heat",-105,-0.06095133710273,0.70889133687538,226.737131706399,56.6624785204126
918,"Heat",-104,-0.0743743871613248,0.732978807851575,222.693654184035,56.6217824240476
919,"Heat",-103,-0.079283743840389,0.744615857817066,220.37238141652,56.6676214966463
920,"Heat",-102,-0.0597777251547396,0.715598319825503,217.696767222316,57.0577751580317
921,"Heat",-101,-0.0322654202857244,0.700920771986664,215.124779726801,56.5527547203077
922,"Heat",-100,-0.00170705922863265,0.729083371924267,212.415267465058,54.7362826066295
923,"Heat",-99,0.0021666665816924,0.737484468701616,209.490178826831,52.8534471339891
924,"Heat",-98,-0.00440887425642522,0.713318340652699,208.598220074496,52.7733076372357
925,"Heat",-97,0.0138539832070651,0.688342636337806,205.902884183724,53.2322683574193
926,"Heat",-96,0.0226158392547861,0.664208810390753,202.227039569361,53.0606314044256
927,"Heat",-95,0.031981211762888,0.662629490499463,199.260137386045,52.5804890925294
928,"Heat",-94,0.0337678213932131,0.646243728696926,195.665453502438,53.4607029566831
929,"Heat",-93,0.0308693973505098,0.652360472522274,194.091833098134,53.4291633516958
930,"Heat",-92,0.0282123645043706,0.639464867897079,191.014293367749,51.6908219658252
1001,"Heat",-91,0.0250143402169229,0.632592035182508,188.407794590663,49.8713158653654
1002,"Heat",-90,0.0200793562670934,0.620844749084808,185.4649388581,49.644207920995
1003,"Heat",-89,0.00988492309206267,0.61001933425507,180.692708835949,49.1781569170163
1004,"Heat",-88,0.0201666982421284,0.654046718179242,177.519922007359,50.0031519378005
1005,"Heat",-87,0.0277059193692585,0.696175552115167,173.314962935746,51.091867800514
1006,"Heat",-86,0.0380804869809837,0.768746660038192,169.499539111493,53.1240194089705
1007,"Heat",-85,0.057896252277322,0.824557588493942,165.131056352751,53.7995241916068
1008,"Heat",-84,0.0468473468800162,0.790638911072133,160.085681470968,54.3224778522813
1009,"Heat",-83,0.0253615696111756,0.741047997175176,155.385797387677,55.5901985199241
1010,"Heat",-82,0.0156158064229329,0.683453304189292,150.189834246472,56.6171580537989
1011,"Heat",-81,0.00845083523047956,0.592235985420601,144.524910697658,57.7144463471231
1012,"Heat",-80,-0.0108937614682231,0.479248553176826,137.790361794443,57.5480735264435
1013,"Heat",-79,-0.0238949208087641,0.374191519145386,131.693095305977,57.6021049830605
1014,"Heat",-78,-0.0376487805922088,0.279748697464309,127.669499926393,57.2226162663152
1015,"Heat",-77,-0.0436976525497257,0.22558962630678,122.436800922231,57.0894490059527
1016,"Heat",-76,-0.0333603815217349,0.185502531128829,117.107034675306,56.508301462383
1017,"Heat",-75,-0.0211465690032998,0.327041096049474,113.219298940854,55.9153366755793
1018,"Heat",-74,-0.0165868682887706,0.485451390423129,110.659024008836,55.1166645062374
1019,"Heat",-73,-0.0024245421262641,0.602129039960565,107.773124372708,53.8009629274224
1020,"Heat",-72,0.0220653635021067,0.709557420829199,104.463631939139,53.0838835006857
1021,"Heat",-71,0.0342097441949363,0.855897440632448,101.52181451713,53.7607069113419
1022,"Heat",-70,0.0278953750029829,0.925120179042404,99.0727637325464,54.9484445006086
1023,"Heat",-69,0.023296909369706,0.976543170022758,98.0499694859353,55.0087594903324
1024,"Heat",-68,0.0309156449131865,0.950703694318258,95.6395214757974,53.8436055789435
1025,"Heat",-67,0.0338976543210504,0.915944331325256,92.6867789023341,53.4546687188079
1026,"Heat",-66,0.0195915707694231,0.861783232929854,90.0743342377361,51.9505697935278
1027,"Heat",-65,0.00469675627166445,0.783024750589913,87.6197592260548,48.6355496753862
1028,"Heat",-64,-0.0129686347294869,0.712700219905092,85.2623928318821,46.4730344375552
1029,"Heat",-63,-0.0245672205828585,0.63966922017747,82.2933936198087,45.4985195240914
1030,"Heat",-62,-0.0340972669444176,0.601069119724932,79.4245299615757,44.2750378256494
1031,"Heat",-61,-0.0385278666256668,0.574705717043427,75.63785468994,41.8594543745827
1101,"Heat",-60,-0.0279844102406128,0.485813019842677,71.4525879402349,39.8147331920298
1102,"Heat",-59,-0.00869851936252799,0.395616813058179,67.6787561155542,37.6541570462067
1103,"Heat",-58,0.02405001630714,0.370503118182804,63.376836503968,36.2058703399706
1104,"Heat",-57,0.0235314979076442,0.366964931584469,60.7199151258279,34.6360315361043
1105,"Heat",-56,0.0264632408299762,0.334538911774769,58.0707672199687,32.8493411260655
1106,"Heat",-55,0.0314183812695274,0.371173326164864,55.3134939875773,31.3756910445675
1107,"Heat",-54,0.0187171746496146,0.346506263268567,51.7908230659944,31.8357041622233
1108,"Heat",-53,-0.00158478110338437,0.295157574128653,47.5480164902349,31.2710612102614
1109,"Heat",-52,-0.028651285605072,0.286138140153152,44.3891250870194,30.2644286948669
1110,"Heat",-51,-0.0490227421483502,0.335054811304649,42.0209228235795,29.8964545394198
1111,"Heat",-50,-0.0659294697908541,0.388264310668121,40.4235180431054,28.8359932694424
1112,"Heat",-49,-0.083860385743634,0.456189214416418,38.8785225346159,27.9677455263971
1113,"Heat",-48,-0.0947825252542195,0.48093938358094,37.4129981631709,28.3575749280897
1114,"Heat",-47,-0.106052700098846,0.512561609949729,35.9980589978141,28.5102923719871
1115,"Heat",-46,-0.107905166363851,0.521500028751178,34.3147613243853,28.5874207645034
1116,"Heat",-45,-0.115544372721311,0.572893627610935,32.7109292907512,28.6585200868446
1117,"Heat",-44,-0.0994846567662042,0.527644976451696,31.83949576686,28.8350450315122
1118,"Heat",-43,-0.0721857624725716,0.46009413769561,31.4352206167839,29.8019909636129
1119,"Heat",-42,-0.063773245070223,0.414854764914719,31.0170502266778,30.7546253705625
1120,"Heat",-41,-0.046209993219284,0.330608567431803,30.0599259961938,30.3786028296377
1121,"Heat",-40,-0.0237885292193766,0.225497335489881,28.5195423417875,28.3375543720188
1122,"Heat",-39,0.00570544182269942,0.158444005679751,26.9432721567732,26.8746267081008
1123,"Heat",-38,0.0383062234041269,0.237362859430227,25.4053607395852,25.2761737542427
1124,"Heat",-37,0.0640771720614806,0.346953296973324,24.2186060049882,24.0543739989107
1125,"Heat",-36,0.0772037121390319,0.438737409200949,22.9688004332021,22.5429903615038
1126,"Heat",-35,0.0738580030077643,0.469199797841953,22.0533097035523,20.9836651192988
1127,"Heat",-34,0.0867215850139546,0.509978643483429,21.2664937538755,19.8581170939497
1128,"Heat",-33,0.0713249965229533,0.512839882344206,19.9590422315003,19.0881496387263
1129,"Heat",-32,0.0415788147963611,0.482589649939324,18.3690717408136,18.4358509384417
1130,"Heat",-31,0.0484905825984662,0.529879964034105,17.4263278010253,19.5554494958043
1201,"Heat",-30,0.0499079906321238,0.556761652263946,16.4138605496155,19.3414508415285
1202,"Heat",-29,0.0463843704794063,0.551125090091262,15.9017592461974,20.0447012379462
1203,"Heat",-28,0.0291275355170505,0.523270039858781,15.8765005530142,20.7784459778012
1204,"Heat",-27,0.00864806015941195,0.507272820159094,15.9707263813962,20.8395691692473
1205,"Heat",-26,-0.0052941994465304,0.507443977795105,15.6772867532526,20.7097643379655
1206,"Heat",-25,0.0060288533969818,0.54214599662942,15.581609228835,21.1322518401305
1207,"Heat",-24,0.0283095115736947,0.583819675558952,15.4066402488238,21.1607491836194
1208,"Heat",-23,0.0420593452231154,0.562092465867161,14.9965266351066,20.3721474634943
1209,"Heat",-22,0.0482042654585287,0.516073763181781,14.4185046568065,18.9584738094391
1210,"Heat",-21,0.0622988929124311,0.52753806834718,14.0620163441756,18.1300934615927
1211,"Heat",-20,0.051138761991949,0.446969702677625,13.3158849953073,16.3537696184339
1212,"Heat",-19,0.0243439135593758,0.31397312366683,13.1283067871585,15.8445290583674
1213,"Heat",-18,-0.00766206944127907,0.264423639069436,13.0168929404479,15.1477700833157
1214,"Heat",-17,-0.0291067040139781,0.315648286216371,12.9208720888796,14.8657483799019
1215,"Heat",-16,-0.0269356675276263,0.361131115932088,12.6790308862111,15.1279854394784
1216,"Heat",-15,-0.0273809097664397,0.407768671666841,12.7414842133654,15.9757564122133
1217,"Heat",-14,-0.046915229887135,0.508478718483696,12.7060942845022,16.3665390025349
1218,"Heat",-13,-0.0722232941228714,0.620904378430528,12.8952381721215,16.5522810629044
1219,"Heat",-12,-0.0832196961212211,0.720614942249195,13.4022862600061,17.1167578370864
1220,"Heat",-11,-0.073358907298064,0.701547623096073,13.9497782471242,17.8247785076027
1221,"Heat",-10,-0.0683314900208335,0.668583401286458,14.2011979447029,18.8144484187404
1222,"Heat",-9,-0.0478614196836355,0.646498849696545,14.4965679754394,18.7896383648342
1223,"Heat",-8,-0.016618061780816,0.622667103969448,14.6161411303692,17.7166093794438
1224,"Heat",-7,0.0123597555880365,0.605926025556089,14.445986431666,17.4487835973589
1225,"Heat",-6,0.0384884766784785,0.644091663144206,14.0368921049575,17.0334677764701
1226,"Heat",-5,0.0387471083450863,0.656403821961556,14.114733173605,16.5425078182874
1227,"Heat",-4,0.033677319742649,0.63768406350234,13.8078339652134,16.1375537504389
1228,"Heat",-3,0.0423642635668927,0.662066253432981,13.5821290452898,15.8600935109449
1229,"Heat",-2,0.0441035830766643,0.674866988191334,12.9298032543079,15.4258801255449
1230,"Heat",-1,0.0529888699167723,0.655207205189811,12.1971735204568,14.5699500313269
1231,"Heat",0,0.059623748728658,0.647000036230864,11.7037833299503,13.9545095932602
101,"Heat",1,0.0701157453408855,0.742782730074108,11.6158700940211,13.5842616127509
102,"Heat",2,0.0645278096592937,0.860191842404861,11.3062182466086,12.7306657475279
103,"Heat",3,0.0375091685572572,1.02946029247695,11.0146751172293,12.318750632343
104,"Heat",4,0.0222164435227906,1.20057917669722,11.16638334227,13.1505612533917
105,"Heat",5,0.0114373283254803,1.22138462684715,11.5531895886738,13.8240864707323
106,"Heat",6,0.0180191394754144,1.23137538111822,11.6049796864511,13.9274398512442
107,"Heat",7,0.0226042511295675,1.23580293948338,11.6408347314392,14.2760957789049
108,"Heat",8,0.00688013300240394,1.24152033166774,11.7316150535627,14.8366963905069
109,"Heat",9,0.0105020512870267,1.2180127856006,11.689518922712,15.1617360247082
110,"Heat",10,-0.0126813702275543,1.2048013948902,11.5818737269809,15.4693428235777
111,"Heat",11,-0.0251150093046247,1.20947010430828,11.5620487359958,15.9989994187819
112,"Heat",12,-0.0270488671540626,1.2034065998449,10.9921846842363,15.6001033714515
113,"Heat",13,-0.03599907252883,1.14339144949476,10.7822193771181,15.5127526364472
114,"Heat",14,-0.0386447454969395,1.03048030462541,10.6284666254744,15.4620746296436
115,"Heat",15,-0.0268230339922815,0.883520496925393,10.3891265678782,15.584716905395
116,"Heat",16,-0.0322646927429025,0.857501151846914,9.84692412267165,15.1537734169722
117,"Heat",17,-0.0391473797208761,0.867559203700711,9.58635181315796,14.3812848592347
118,"Heat",18,-0.0517134731484515,0.883370264601341,9.62226680146142,13.8325272942769
119,"Heat",19,-0.0450221382831669,0.833981418911771,9.37585127385658,13.23926613867
120,"Heat",20,-0.0363163218998006,0.757008079551072,9.81147222048637,13.1771809592262
121,"Heat",21,-0.0118546834263715,0.694788376840867,9.92587311197779,12.7397784656359
122,"Heat",22,-0.0250350428563437,0.657533407881537,9.82935160265533,12.4475872871942
123,"Heat",23,-0.0339291936400995,0.620817117568314,10.2707921272575,13.263499836137
124,"Heat",24,-0.0276336595626102,0.557581919084868,10.6255338492057,13.6021012040699
125,"Heat",25,-0.0404250699371026,0.587833582185523,11.1674492285497,13.7828148676756
126,"Heat",26,-0.052906236201118,0.600575788041411,11.3537108945792,14.2451131065522
127,"Heat",27,-0.060867291130779,0.626731669922623,11.791878263585,15.0073813327145
128,"Heat",28,-0.0794001451111261,0.727601341755274,12.210383557052,16.4386803231238
129,"Heat",29,-0.0718927562625324,0.729561510561789,12.3377379443482,17.7581409381889
130,"Heat",30,-0.0674927903942376,0.757942083392606,12.4630834943378,18.2213529829952
131,"Heat",31,-0.0714483924654233,0.845020673196692,12.6715114405716,19.4106881627839
201,"Heat",32,-0.0774136420936035,0.935311527830859,13.4057821567621,20.0155807506994
202,"Heat",33,-0.0668407796295089,1.00090335949087,13.888545101902,19.7826847189761
203,"Heat",34,-0.0744561285083227,1.03295514041593,14.0349923496358,19.6467802496157
204,"Heat",35,-0.0957996934215332,1.12601944331068,14.0615420778239,19.2328945210092
205,"Heat",36,-0.0867148385278536,1.16239480371063,13.6858322081218,18.6511754367141
206,"Heat",37,-0.0866639752891996,1.24747546369981,13.9481082623842,18.6318046084552
207,"Heat",38,-0.0734140667615169,1.29639394101676,14.3543969037789,18.1716922190857
208,"Heat",39,-0.048128500050864,1.26176490398743,14.045668327374,17.0269313730144
209,"Heat",40,-0.0530747553953294,1.30605450620987,13.8158546994191,16.5871290323029
210,"Heat",41,-0.0737582246863459,1.36444188473671,13.8112209611242,16.6395474961147
211,"Heat",42,-0.0872362616136297,1.37066025704196,13.0964222571812,15.9760856811115
212,"Heat",43,-0.114263996160705,1.46150241223726,11.9627025470368,15.1920859297697
213,"Heat",44,-0.128525412587892,1.48299544268727,11.2519035406122,14.917941608698
214,"Heat",45,-0.129601885641238,1.53376494470456,10.9005324244215,14.7719783515858
215,"Heat",46,-0.112962622377878,1.59023866506159,11.3213829769124,15.5257036991359
216,"Heat",47,-0.12754452769214,1.65596546288236,12.1244219266835,16.1583463579167
217,"Heat",48,-0.13797417454644,1.66913579852495,12.2913115628076,16.1562763815745
218,"Heat",49,-0.154268583527775,1.73914693436817,12.211867342542,16.2289385781993
219,"Heat",50,-0.179189011999364,1.85038782834417,13.4640574590451,17.8255742991164
220,"Heat",51,-0.180590146787296,1.83905542217486,14.7978565779195,18.6605385492886
221,"Heat",52,-0.213403559514949,1.89753629531366,16.1030502916328,19.4391225269098
222,"Heat",53,-0.230662404320119,1.9472445902645,17.6105876863215,20.3471830435896
223,"Heat",54,-0.225799035700881,1.88045818555075,19.3482037962636,21.1205254806928
224,"Heat",55,-0.220540001379757,1.85819842766255,21.0580431993452,21.4755326722612
225,"Heat",56,-0.213193664911617,1.80774212260125,22.3206233408576,22.0749771344275
226,"Heat",57,-0.197319914389917,1.70068806547884,23.1858632048484,22.4300597042983
227,"Heat",58,-0.178449512311496,1.64706150667549,23.6899965373213,22.7313842981294
228,"Heat",59,-0.164224179413147,1.60697130707108,24.3670281806412,23.0797125115082
301,"Heat",60,-0.166987743814337,1.61901446918464,25.0108452581216,22.8557691603137
302,"Heat",61,-0.170602842235047,1.61654248138596,25.4139309489681,22.8282824809354
303,"Heat",62,-0.182900547550658,1.69381520664843,26.7999364416703,23.2745755518264
304,"Heat",63,-0.15419203067413,1.67109768224009,28.2899627442944,24.6704083519207
305,"Heat",64,-0.145894953966056,1.73013052495727,29.7218729400585,25.4860468132231
306,"Heat",65,-0.149522659096194,1.83468621482523,31.2112192935146,26.8522932589247
307,"Heat",66,-0.184709660869373,2.00642543432948,32.4570555843579,27.7159298349325
308,"Heat",67,-0.206877933530943,2.14260041200993,33.7393903325697,28.2600555864881
309,"Heat",68,-0.230120127647588,2.22331753220451,34.4883502524907,28.7807927281097
310,"Heat",69,-0.230743543695143,2.2248547272387,36.1253460338767,29.4164111360781
311,"Heat",70,-0.236275017359011,2.30749367371155,38.4725225669616,30.6761089250454
312,"Heat",71,-0.240193558778637,2.35601294393138,41.0720897914993,31.9205927144579
313,"Heat",72,-0.252475282015398,2.3765086018421,43.1176477842528,32.7403237957731
314,"Heat",73,-0.252243668604824,2.35833734951234,43.4392125834988,33.082196840908
315,"Heat",74,-0.262336011945098,2.33833685430165,43.2737335010147,33.8166977950187
316,"Heat",75,-0.261849622545638,2.28032358386301,43.6088101628011,33.8057860366135
317,"Heat",76,-0.249771672605074,2.15851331091318,43.6165559182337,33.6880162334267
318,"Heat",77,-0.217592920941626,1.95750307836257,44.2127888394122,33.9762043212142
319,"Heat",78,-0.197277840141115,1.79225592339291,46.2548471762829,34.4824644340277
320,"Heat",79,-0.188075831629575,1.69846165128397,48.5091016473784,35.5214044439073
321,"Heat",80,-0.177569291135669,1.61725144925794,49.8580066445221,35.8404190629502
322,"Heat",81,-0.181873009720495,1.60498913566954,50.7011132337432,34.7130007461071
323,"Heat",82,-0.190188919243577,1.60516130063832,51.8059887839303,34.786631407804
324,"Heat",83,-0.170809283327276,1.53072520207494,53.2576716274592,36.083596452657
325,"Heat",84,-0.162658636471259,1.50732256991335,56.1821784251774,37.5443645096568
326,"Heat",85,-0.150364112820947,1.51969036744168,59.6783058219011,38.8587187094565
327,"Heat",86,-0.128293141749184,1.58918135458535,63.2741727984261,40.4410420019068
328,"Heat",87,-0.123726999518762,1.72355131976271,67.9252822811575,41.8676882279321
329,"Heat",88,-0.101950929871699,1.7624811985992,71.8383541054804,43.9022611479783
330,"Heat",89,-0.0894282771161418,1.80583694126337,73.3826736964847,45.0339660389243
331,"Heat",90,-0.076456494509768,1.8247242717855,74.5047199054384,44.6212734205019
401,"Heat",91,-0.0864847159427676,1.88901463874665,75.9988497285452,46.2080884118784
402,"Heat",92,-0.116888099926367,1.94052922127583,78.5209571420426,47.2068346213812
403,"Heat",93,-0.120890485560916,1.91374843795059,79.5423372699517,46.757825996657
404,"Heat",94,-0.142419418262602,1.96911696595823,80.6531216907715,47.1678174632347
405,"Heat",95,-0.170818822111464,2.0102826600098,82.1135429566043,48.5315091329261
406,"Heat",96,-0.188096181563558,1.99103141475719,82.9266751544214,49.4455043283396
407,"Heat",97,-0.227326996334926,2.02945742913774,82.8095821113423,49.4138452481928
408,"Heat",98,-0.24323093550062,2.04386914665566,81.6461247858556,48.2150834515974
409,"Heat",99,-0.282175119453556,2.12826430625156,81.7656514974775,47.4613083886609
410,"Heat",100,-0.295486417659099,2.09334296459837,84.2669227905729,47.7104819861985
411,"Heat",101,-0.289485895207515,1.97118518545283,87.1072651008293,48.553902698451
412,"Heat",102,-0.278587629600647,1.79162826098174,89.6981080757838,47.7139342377816
413,"Heat",103,-0.244275989990686,1.53375060924258,91.7154147608106,45.8661894844247
414,"Heat",104,-0.223224960691865,1.35802374694454,93.846084925766,45.9683919211294
415,"Heat",105,-0.17885191369586,1.07674770369647,96.8817347072734,47.1120840989157
416,"Heat",106,-0.113754633608,0.800955654912817,100.287339267985,47.7847081783439
417,"Heat",107,-0.0598596867455136,0.64367549469227,105.202507551893,49.7495563183278
418,"Heat",108,-0.0271895110123309,0.571961269090519,111.264549724252,53.2159072201397
419,"Heat",109,-0.0219245226726687,0.600937270711679,117.641647305964,56.560936932392
420,"Heat",110,0.00214770086211888,0.64896817220898,122.519269358217,58.0576189582196
421,"Heat",111,0.00814735143164563,0.691686558486159,125.620681773002,60.1097666866363
422,"Heat",112,-0.00235261334017923,0.730785920729289,127.327786807587,61.1907294936456
423,"Heat",113,-0.0233330250874893,0.805096400358301,130.329870570435,63.3631226406083
424,"Heat",114,-0.0472013273163965,0.895640729424848,132.848921115346,65.1708270653499
425,"Heat",115,-0.0648211779180773,1.01464996992033,137.184649514819,66.0891526546392
426,"Heat",116,-0.0811839092996817,1.10984159821489,140.905337870562,66.6302557409618
427,"Heat",117,-0.0862411312873808,1.1346465387286,143.883396259747,66.9627035156535
428,"Heat",118,-0.0812189667153553,1.11533439399822,145.867299609369,65.3962650529327
429,"Heat",119,-0.0659293448669993,1.11033914867394,146.510126167724,63.9356717816546
430,"Heat",120,-0.0542455135456006,1.08729983212376,148.486995811944,63.1993330367122
501,"Heat",121,-0.0439286738496764,1.07710805202408,150.871844616023,60.5346479093649
502,"Heat",122,-0.0214349259137396,1.06037284827125,155.430761466282,58.0715919363084
503,"Heat",123,0.00555813182967405,1.06924929172001,162.176023200072,55.5428671056171
504,"Heat",124,0.0317322606075585,1.08263500755858,168.578598257037,53.5831963356706
505,"Heat",125,0.0508387809010254,1.09131477182486,174.259078880232,53.988958134827
506,"Heat",126,0.0680037775785303,1.08733011051195,179.821331048861,55.4447635811936
507,"Heat",127,0.0777979355411224,1.00104261067221,184.99392612581,56.8696890897441
508,"Heat",128,0.057079985669439,0.894835158220006,189.094363213229,57.4733057778045
509,"Heat",129,0.0325431040342328,0.792655989444408,192.60501998829,60.0403630553046
510,"Heat",130,0.0228190572392559,0.71152678002696,196.584926149925,62.485360811135
511,"Heat",131,0.0330544076264237,0.668362269051615,200.403595126644,65.0153662730108
512,"Heat",132,0.0157136259370756,0.622541972015765,204.877273492006,67.6227520586311
513,"Heat",133,-0.00965014718629105,0.601046531546061,208.46969237547,67.3317636307503
514,"Heat",134,-0.030289925925468,0.668777957510631,210.296106459285,65.5386047235917
